{
  "gizmos-infos": {
    "is2D": true,
    "is3DIcon": false,
    "iconSize": 2,
    "gridVisible": true,
    "gridColor": [
      166,
      166,
      166,
      255
    ],
    "transformToolName": "position",
    "pivot": "pivot",
    "coordinate": "local",
    "toolsVisibility3d": true
  },
  "__version__": "1.0.0",
  "builder": {
    "taskOptionsMap": {},
    "__version__": "1.3.7"
  },
  "snap-configs": {
    "position": {
      "x": 1,
      "y": 1,
      "z": 1
    },
    "rotation": 1,
    "scale": 1,
    "isPositionSnapEnabled": false,
    "isRotationSnapEnabled": false,
    "isScaleSnapEnabled": false
  },
  "rect-snap-configs": {
    "enableSnapping": true,
    "snapThreshold": 4
  },
  "camera-infos": {
    "50bffc5a-5fbb-4e52-8695-3931e6188331": {
      "position": {
        "x": 635.0726195918018,
        "y": 335.39744172462485,
        "z": 5000
      },
      "rotation": {
        "x": 0,
        "y": 0,
        "z": 0,
        "w": 1
      },
      "viewCenter": {
        "x": 0,
        "y": 0,
        "z": 0
      },
      "contentRect": {
        "x": -219.0336656368077,
        "y": -211.0183805023737,
        "width": 1111.368932038835,
        "height": 711
      },
      "scale": 0.6506034150898251
    },
    "7df22e2b-7b9e-438f-b121-109ad099710f": {
      "position": {
        "x": 303.53745554448903,
        "y": 451.7838370921702,
        "z": 5000
      },
      "rotation": {
        "x": 0,
        "y": 0,
        "z": 0,
        "w": 1
      },
      "viewCenter": {
        "x": 0,
        "y": 0,
        "z": 0
      },
      "contentRect": {
        "x": 130.06167717211673,
        "y": 330.7069008674646,
        "width": 1008.6722689075631,
        "height": 704
      },
      "scale": 2.907242378075427
    },
    "31e16dba-4b79-437a-85a3-d14590998653": {
      "position": {
        "x": 511.97092102783427,
        "y": 585.1981206292372,
        "z": 5000
      },
      "rotation": {
        "x": 0,
        "y": 0,
        "z": 0,
        "w": 1
      },
      "viewCenter": {
        "x": 0,
        "y": 0,
        "z": 0
      },
      "contentRect": {
        "x": -91.57053468051541,
        "y": 188.7368711316703,
        "width": 1008.6722689075631,
        "height": 704
      },
      "scale": 0.8348861343182327
    },
    "365d135d-e7c3-4a98-ac30-935088fe8cd0": {
      "position": {
        "x": 320,
        "y": 475,
        "z": 5000
      },
      "rotation": {
        "x": 0,
        "y": 0,
        "z": 0,
        "w": 1
      },
      "viewCenter": {
        "x": 0,
        "y": 0,
        "z": 0
      },
      "contentRect": {
        "x": -184.69813829787233,
        "y": 104,
        "width": 100,
        "height": 100
      },
      "scale": 1
    },
    "23fb34bf-7fa9-4611-8983-25876211ee76": {
      "position": {
        "x": 499.49999999999994,
        "y": 357,
        "z": 5000
      },
      "rotation": {
        "x": 0,
        "y": 0,
        "z": 0,
        "w": 1
      },
      "viewCenter": {
        "x": 0,
        "y": 0,
        "z": 0
      },
      "contentRect": {
        "x": 0,
        "y": 0,
        "width": 361,
        "height": 536.1482479784366
      },
      "scale": 0.9730458221024259
    },
    "c77ecaa8-c936-46c4-a5b0-98692673ed87": {
      "position": {
        "x": -112.4159663865546,
        "y": 475.00000000000006,
        "z": 5000
      },
      "rotation": {
        "x": 0,
        "y": 0,
        "z": 0,
        "w": 1
      },
      "viewCenter": {
        "x": 0,
        "y": 0,
        "z": 0
      },
      "contentRect": {
        "x": 324.9947368421053,
        "y": 0,
        "width": 1115.1596638655462,
        "height": 704
      },
      "scale": 0.9859943977591037
    }
  },
  "camera-uuids": [
    "50bffc5a-5fbb-4e52-8695-3931e6188331",
    "7df22e2b-7b9e-438f-b121-109ad099710f",
    "31e16dba-4b79-437a-85a3-d14590998653",
    "365d135d-e7c3-4a98-ac30-935088fe8cd0",
    "23fb34bf-7fa9-4611-8983-25876211ee76",
    "c77ecaa8-c936-46c4-a5b0-98692673ed87"
  ],
  "camera": {
    "color": [
      48,
      48,
      48,
      255
    ],
    "fov": 45,
    "far": 10000,
    "near": 0.01,
    "wheelSpeed": 0.01,
    "wanderSpeed": 10,
    "enableAcceleration": true,
    "size": "__default_design__",
    "far2D": 10000,
    "near2D": 1,
    "wheelSpeed2D": 6,
    "iso": 0,
    "aperture": 19,
    "shutter": 7
  },
  "float-window": {
    "position": {
      "cc": {
        "Camera": {
          "dock": false,
          "top": null,
          "bottom": 10,
          "left": null,
          "right": 10
        }
      }
    }
  },
  "scene_view": {
    "isSceneLightOn": true,
    "output_device": "__default_design__"
  },
  "game-view": {
    "scaleValue": 58,
    "sliderValue": 27,
    "devicesInfo": {
      "name": "i18n:scene.game_view.design_resolution",
      "type": "design",
      "width": 640,
      "height": 950
    },
    "rotate": false
  }
}
