{
  "gizmos-infos": {
    "is2D": true,
    "is3DIcon": false,
    "iconSize": 2,
    "gridVisible": true,
    "gridColor": [
      166,
      166,
      166,
      255
    ],
    "transformToolName": "position",
    "pivot": "pivot",
    "coordinate": "local",
    "toolsVisibility3d": true
  },
  "__version__": "1.0.0",
  "builder": {},
  "snap-configs": {
    "position": {
      "x": 1,
      "y": 1,
      "z": 1
    },
    "rotation": 1,
    "scale": 1,
    "isPositionSnapEnabled": false,
    "isRotationSnapEnabled": false,
    "isScaleSnapEnabled": false
  },
  "rect-snap-configs": {
    "enableSnapping": true,
    "snapThreshold": 4
  },
  "camera-infos": {
    "50bffc5a-5fbb-4e52-8695-3931e6188331": {
      "position": {
        "x": 635.0726195918018,
        "y": 335.39744172462485,
        "z": 5000
      },
      "rotation": {
        "x": 0,
        "y": 0,
        "z": 0,
        "w": 1
      },
      "viewCenter": {
        "x": 0,
        "y": 0,
        "z": 0
      },
      "contentRect": {
        "x": -219.0336656368077,
        "y": -211.0183805023737,
        "width": 1111.368932038835,
        "height": 711
      },
      "scale": 0.6506034150898251
    },
    "31e16dba-4b79-437a-85a3-d14590998653": {
      "position": {
        "x": 28.926203516813075,
        "y": 594.2711714568386,
        "z": 5000
      },
      "rotation": {
        "x": 0,
        "y": 0,
        "z": 0,
        "w": 1
      },
      "viewCenter": {
        "x": 0,
        "y": 0,
        "z": 0
      },
      "contentRect": {
        "x": -1610.0627660315545,
        "y": -549.6566137411425,
        "width": 1008.6722689075631,
        "height": 704
      },
      "scale": 0.30771173194213386
    },
    "c77ecaa8-c936-46c4-a5b0-98692673ed87": {
      "position": {
        "x": 320,
        "y": 475.28344671201813,
        "z": 5000
      },
      "rotation": {
        "x": 0,
        "y": 0,
        "z": 0,
        "w": 1
      },
      "viewCenter": {
        "x": 0,
        "y": 0,
        "z": 0
      },
      "contentRect": {
        "x": 0,
        "y": 0,
        "width": 431,
        "height": 640.1473922902494
      },
      "scale": 0.9773242630385488
    },
    "23fb34bf-7fa9-4611-8983-25876211ee76": {
      "position": {
        "x": 511.5,
        "y": 357,
        "z": 5000
      },
      "rotation": {
        "x": 0,
        "y": 0,
        "z": 0,
        "w": 1
      },
      "viewCenter": {
        "x": 0,
        "y": 0,
        "z": 0
      },
      "contentRect": {
        "x": 0,
        "y": 0,
        "width": 1008.6722689075631,
        "height": 704
      },
      "scale": 0.9859943977591037
    }
  },
  "camera-uuids": [
    "50bffc5a-5fbb-4e52-8695-3931e6188331",
    "31e16dba-4b79-437a-85a3-d14590998653",
    "c77ecaa8-c936-46c4-a5b0-98692673ed87",
    "23fb34bf-7fa9-4611-8983-25876211ee76"
  ],
  "camera": {
    "color": [
      48,
      48,
      48,
      255
    ],
    "fov": 45,
    "far": 10000,
    "near": 0.01,
    "wheelSpeed": 0.01,
    "wanderSpeed": 10,
    "enableAcceleration": true,
    "size": "__default_design__",
    "far2D": 10000,
    "near2D": 1,
    "wheelSpeed2D": 6,
    "iso": 0,
    "aperture": 19,
    "shutter": 7
  },
  "float-window": {
    "position": {
      "cc": {
        "Camera": {
          "dock": false,
          "top": null,
          "bottom": 10,
          "left": null,
          "right": 10
        }
      }
    }
  },
  "scene_view": {
    "isSceneLightOn": true,
    "output_device": "__default_design__"
  },
  "game-view": {
    "scaleValue": 69,
    "sliderValue": 33
  }
}
