{
  "gizmos-infos": {
    "is2D": true,
    "is3DIcon": false,
    "iconSize": 2,
    "gridVisible": true,
    "gridColor": [
      166,
      166,
      166,
      255
    ],
    "transformToolName": "position",
    "pivot": "pivot",
    "coordinate": "local",
    "toolsVisibility3d": true
  },
  "__version__": "1.0.0",
  "builder": {
    "taskOptionsMap": {},
    "__version__": "1.3.7"
  },
  "snap-configs": {
    "position": {
      "x": 1,
      "y": 1,
      "z": 1
    },
    "rotation": 1,
    "scale": 1,
    "isPositionSnapEnabled": false,
    "isRotationSnapEnabled": false,
    "isScaleSnapEnabled": false
  },
  "rect-snap-configs": {
    "enableSnapping": true,
    "snapThreshold": 4
  },
  "camera-infos": {
    "50bffc5a-5fbb-4e52-8695-3931e6188331": {
      "position": {
        "x": 635.0726195918018,
        "y": 335.39744172462485,
        "z": 5000
      },
      "rotation": {
        "x": 0,
        "y": 0,
        "z": 0,
        "w": 1
      },
      "viewCenter": {
        "x": 0,
        "y": 0,
        "z": 0
      },
      "contentRect": {
        "x": -219.0336656368077,
        "y": -211.0183805023737,
        "width": 1111.368932038835,
        "height": 711
      },
      "scale": 0.6506034150898251
    },
    "7df22e2b-7b9e-438f-b121-109ad099710f": {
      "position": {
        "x": 303.53745554448903,
        "y": 451.7838370921702,
        "z": 5000
      },
      "rotation": {
        "x": 0,
        "y": 0,
        "z": 0,
        "w": 1
      },
      "viewCenter": {
        "x": 0,
        "y": 0,
        "z": 0
      },
      "contentRect": {
        "x": 130.06167717211673,
        "y": 330.7069008674646,
        "width": 1008.6722689075631,
        "height": 704
      },
      "scale": 2.907242378075427
    },
    "31e16dba-4b79-437a-85a3-d14590998653": {
      "position": {
        "x": 511.97092102783427,
        "y": 585.1981206292372,
        "z": 5000
      },
      "rotation": {
        "x": 0,
        "y": 0,
        "z": 0,
        "w": 1
      },
      "viewCenter": {
        "x": 0,
        "y": 0,
        "z": 0
      },
      "contentRect": {
        "x": -91.57053468051541,
        "y": 188.7368711316703,
        "width": 1008.6722689075631,
        "height": 704
      },
      "scale": 0.8348861343182327
    },
    "c77ecaa8-c936-46c4-a5b0-98692673ed87": {
      "position": {
        "x": 235.06357506796633,
        "y": 641.9698714825217,
        "z": 5000
      },
      "rotation": {
        "x": 0,
        "y": 0,
        "z": 0,
        "w": 1
      },
      "viewCenter": {
        "x": 0,
        "y": 0,
        "z": 0
      },
      "contentRect": {
        "x": -292.0346759832805,
        "y": -140.44159492167273,
        "width": 478.9894736842105,
        "height": 711
      },
      "scale": 0.4543645067394096
    },
    "3e57de3a-aaa2-4f1b-9437-646ae332418a": {
      "position": {
        "x": 330.18085459712535,
        "y": 492.0109764730411,
        "z": 5000
      },
      "rotation": {
        "x": 0,
        "y": 0,
        "z": 0,
        "w": 1
      },
      "viewCenter": {
        "x": 0,
        "y": 0,
        "z": 0
      },
      "contentRect": {
        "x": -142.84796876568407,
        "y": 18.98215311023169,
        "width": 657,
        "height": 657
      },
      "scale": 0.6944608526488101
    },
    "9d29e014-0cf4-4e38-afe3-f946a8aca1eb": {
      "position": {
        "x": 273.9327291090849,
        "y": 483.9086840323291,
        "z": 5000
      },
      "rotation": {
        "x": 0,
        "y": 0,
        "z": 0,
        "w": 1
      },
      "viewCenter": {
        "x": 0,
        "y": 0,
        "z": 0
      },
      "contentRect": {
        "x": -240.12418421895538,
        "y": -30.14822929571114,
        "width": 617,
        "height": 617
      },
      "scale": 0.600128102553372
    },
    "365d135d-e7c3-4a98-ac30-935088fe8cd0": {
      "position": {
        "x": 332.8454940668105,
        "y": 454.6203200617495,
        "z": 5000
      },
      "rotation": {
        "x": 0,
        "y": 0,
        "z": 0,
        "w": 1
      },
      "viewCenter": {
        "x": 0,
        "y": 0,
        "z": 0
      },
      "contentRect": {
        "x": 311.0817299844073,
        "y": 432.8565559793463,
        "width": 100,
        "height": 100
      },
      "scale": 2.2973967099940613
    },
    "23fb34bf-7fa9-4611-8983-25876211ee76": {
      "position": {
        "x": 339.0015371329039,
        "y": 523.6535375280555,
        "z": 5000
      },
      "rotation": {
        "x": 0,
        "y": 0,
        "z": 0,
        "w": 1
      },
      "viewCenter": {
        "x": 0,
        "y": 0,
        "z": 0
      },
      "contentRect": {
        "x": -407.25319950343936,
        "y": -218.37312694604216,
        "width": 695.94301994302,
        "height": 692
      },
      "scale": 0.4662905210356872
    }
  },
  "camera-uuids": [
    "50bffc5a-5fbb-4e52-8695-3931e6188331",
    "7df22e2b-7b9e-438f-b121-109ad099710f",
    "31e16dba-4b79-437a-85a3-d14590998653",
    "c77ecaa8-c936-46c4-a5b0-98692673ed87",
    "3e57de3a-aaa2-4f1b-9437-646ae332418a",
    "9d29e014-0cf4-4e38-afe3-f946a8aca1eb",
    "365d135d-e7c3-4a98-ac30-935088fe8cd0",
    "23fb34bf-7fa9-4611-8983-25876211ee76"
  ],
  "camera": {
    "color": [
      48,
      48,
      48,
      255
    ],
    "fov": 45,
    "far": 10000,
    "near": 0.01,
    "wheelSpeed": 0.01,
    "wanderSpeed": 10,
    "enableAcceleration": true,
    "size": "__default_design__",
    "far2D": 10000,
    "near2D": 1,
    "wheelSpeed2D": 6,
    "iso": 0,
    "aperture": 19,
    "shutter": 7
  },
  "float-window": {
    "position": {
      "cc": {
        "Camera": {
          "dock": false,
          "top": null,
          "bottom": 10,
          "left": null,
          "right": 10
        }
      }
    }
  },
  "scene_view": {
    "isSceneLightOn": true,
    "output_device": "__default_design__"
  },
  "game-view": {
    "scaleValue": 58,
    "sliderValue": 27,
    "devicesInfo": {
      "name": "i18n:scene.game_view.design_resolution",
      "type": "design",
      "width": 640,
      "height": 950
    },
    "rotate": false
  }
}
